"name","address","city","state","zip","age","hsenroll","crecord","smokes","drinks","parent","lon","lat","tract"
"Lecia Ogata","6001 East Molloy Road","Syracuse","NY",13211,14,1,0,0,1,1,-76.104578,43.102361,"144"
"Parker Merida","6726 Townline Road","Syracuse","NY",13211,15,1,1,0,0,0,-76.116693,43.0967259,"144"
"Domenic Mclelland","1543 South Salina Street","Syracuse","NY",13205,17,0,0,0,0,1,-76.147481,43.031184,"53"
"Mable Candanoza","1603 Court Street","Syracuse","NY",13208,18,1,1,0,0,0,-76.1461071,43.0793693,"3"
"Haydee Gushiken","627 West Genesee Street","Syracuse","NY",13204,16,1,0,1,1,1,-76.1612437,43.0530141,"21.01"
"Bulah Ament","106 South Arterial Road","Syracuse","NY",13206,17,0,0,0,1,0,-76.122364,43.080308,"142"
"Ranae Cappelli","1065 James Street","Syracuse","NY",13203,14,1,0,0,1,0,-76.1320546,43.0604316,"16"
"Fredda Woodmansee","614 South Salina Street","Syracuse","NY",13202,14,0,1,1,0,0,-76.1517524,43.0423461,"42"
"Aleen Dugan","636 Old Liverpool Road","Liverpool","NY",13088,15,1,1,0,1,1,-76.191791,43.092839,"137.01"
"Apolonia Vandeusen","7000 East Genesee Street","Fayetteville","NY",13066,18,0,0,1,0,1,-76.0415569,43.0273993,"148"
"Josette Bradish","112 Lancaster Place","Syracuse","NY",13210,18,0,0,0,0,0,-76.1228542,43.0272696,"56.01"
"Chante Aquilino","112 Lancaster Place","Syracuse","NY",13210,17,0,0,0,1,0,-76.1228542,43.0272696,"56.01"
"Luisa Lona","2513 James Street","Syracuse","NY",13206,14,0,0,0,0,0,-76.111396,43.0686601,"10"
"Christeen Nguyen","317 Allen Street","Syracuse","NY",13210,18,1,0,1,1,0,-76.116392,43.0465639,"35"
"Shanita Corpuz","406 Court Street","Syracuse","NY",13208,16,0,0,0,0,1,-76.1578189,43.0689529,"2"
"Twila Holeman","530 Oak Street","Syracuse","NY",13203,16,1,0,0,1,1,-76.134969,43.0606269,"16"
"Elyse Pett","441 West Kirkpatrick Street","Syracuse","NY",13204,16,0,0,0,0,1,-76.1677171,43.0579159,"1"
"Mathilda Russo","528 Oak Street","Syracuse","NY",13203,18,0,0,0,0,1,-76.1352602,43.0605318,"16"
"Raelene Cutrer","530 Oak Street","Syracuse","NY",13203,14,0,0,1,0,1,-76.134969,43.0606269,"16"
"Nikita Favreau","2214 Amber Road","Marietta","NY",13110,14,1,1,0,0,1,-76.2925661,42.884988,"168.02"
"Clarisa Dibernardo","6725 Lyons Street","East Syracuse","NY",13057,15,1,1,0,1,1,-76.0564553,43.0813101,"145"
"Karren Lettieri","6390 Fly Road","East Syracuse","NY",13057,17,0,1,0,1,0,-76.057359,43.080168,"145"
"August Mcfarlin","2 Clinton Square","Syracuse","NY",13202,14,0,0,0,1,1,-76.1527775,43.0500708,"32"
"Waldo Zendejas","120 East Washington Street ","Syracuse","NY",13202,14,1,0,1,0,1,-76.151215,43.0492997,"32"
"Shon Wilkin","344 West Genesee Street","Syracuse","NY",13202,14,1,0,1,0,1,-76.1560138,43.0528129,"32"
"Jerald Burket","101 Richmond Avenue","Syracuse","NY",13204,18,0,1,1,0,0,-76.16685,43.049585,"21.01"
"Christin Mebane","5900 North Burdick Street","East Syracuse","NY",13057,18,1,0,1,0,1,-76.0206362,43.0548596,"155"
"Terra Cleary","6834 East Genesee Street","Fayetteville","NY",13066,17,0,0,0,0,0,-76.0493561,43.0285765,"148"
"Sophie Patridge","7000 East Genesee Street","Fayetteville","NY",13066,14,1,1,1,0,1,-76.0415569,43.0273993,"148"
"Celesta Hilbert","4583 North Street","Jamesville","NY",13078,16,0,0,1,1,0,-76.0709879,42.9936371,"149"
"Lashandra Valley","5100 West Taft Road","Liverpool","NY",13088,16,0,0,0,0,0,-76.1608142,43.1201548,"110.11"
"Stephany Sitton","6441 Route 80","Apulia Station","NY",13020,15,0,1,0,0,1,-76.0766875,42.8171603,"169.02"
"Scarlet Bellanger","600 South Wilbur Avenue","Syracuse","NY",13204,14,0,1,1,1,0,-76.1766048,43.0440289,"29.01"
"Mariann Cheng","635 James Street","Syracuse","NY",13203,17,0,1,0,1,0,-76.1435982,43.0551435,"16"
"Jacalyn Halle","8100 Oswego Road","Liverpool","NY",13090,16,0,1,0,0,0,-76.2345841,43.1637453,"112.31"
"Micaela Bassham","PO Box 126","Fayetteville","NY",13066,17,1,0,1,1,0,-76.0043643,43.0297887,"150"
"Julio Lepak","1065 James Street","Syracuse","NY",13203,18,0,1,0,1,0,-76.1320546,43.0604316,"16"
"Elroy Bradham","808 North Salina Street","Syracuse","NY",13208,15,1,1,0,1,0,-76.153871,43.062312,"5.01"
"Antonette Alas","116 West Glen Avenue","Syracuse","NY",13205,17,1,1,0,0,0,-76.1446436,43.0058685,"61.01"
"Ted Nunez","518 James Street","Syracuse","NY",13203,18,1,1,1,1,0,-76.1447569,43.0537849,"16"
"Fritz Averette","29 East Oneida Street","Baldwinsville","NY",13027,14,0,0,0,1,0,-76.3352837,43.1665165,"116"
"Elli Burnes","7312 Van Buren Road","Baldwinsville","NY",13027,14,0,1,0,0,1,-76.3167011,43.1240403,"118"
"April Carbonaro","17 West Genesee Street","Baldwinsville","NY",13027,17,0,1,0,0,0,-76.334981,43.158737,"116"
"Renate Gauer","8 Mechanic Street","Baldwinsville","NY",13027,16,0,0,0,0,1,-76.3265585,43.1601197,"116"
"Joel Canaday","7911 Crego Road","Baldwinsville","NY",13027,17,1,0,0,0,1,-76.354868,43.152847,"117"
"Ann Jacox","156 West Matson Avenue","Syracuse","NY",13205,14,1,1,0,1,1,-76.143968,43.013522,"59"
"Alline Garay","1001 Park Avenue","Syracuse","NY",13204,17,0,0,0,1,1,-76.180247,43.05175,"21.01"
"Chiquita Collington","8435 Loop Road","Baldwinsville","NY",13027,14,1,0,1,1,0,-76.30825,43.177241,"114.01"
"Lecia Ogata","219 West Castle Street","Syracuse","NY",13205,15,0,0,1,1,1,-76.2213215,43.0429172,"131"
"Annie Jamal","2717 Bellevue Avenue","Syracuse","NY",13219,14,0,0,1,0,1,-76.1999387,43.0279348,"164"
"Parker Merida","346 North Midler Avenue #46","Syracuse","NY",13206,18,0,0,1,0,0,-76.1053159,43.0755579,"10"
"Domenic Mclelland","6653 Kirkville Road","East Syracuse","NY",13057,18,1,0,0,1,1,-76.0605083,43.0779775,"145"
"Mable Candanoza","815 Fay Road","Syracuse","NY",13219,16,1,0,1,0,1,-76.207753,43.0342388,"132"
"Haydee Gushiken","3129 James Street","Syracuse","NY",13206,15,0,1,0,0,0,-76.1026149,43.0698739,"10"
"Bulah Ament","2656 Warners Road","Warners","NY",13164,15,1,1,1,0,0,-76.3247018,43.0841853,"121"
"Ranae Cappelli","2500 Nunnery Road","Skaneateles","NY",13152,15,1,0,0,0,1,-76.338202,42.856248,"168.01"
"Fredda Woodmansee","2100 East Fayette Street","Syracuse","NY",13224,15,1,0,1,0,1,-76.1133047,43.0477842,"36.01"
"Aleen Dugan","420 East Genesee Street","Syracuse","NY",13202,14,0,1,0,0,1,-76.1465318,43.0478885,"32"
"Apolonia Vandeusen","5395 Orangeport Road","Brewerton","NY",13029,16,1,0,1,0,1,-76.144262,43.229677,"102"
"Josette Bradish","9625 Brewerton Road","Brewerton","NY",13029,18,0,1,1,0,0,-76.140643,43.235663,"102"
"Luisa Lona","427 Main Street","Bridgeport","NY",13030,17,0,1,0,1,1,-73.1868198,41.1702812,NA
"Christeen Nguyen","7266 Buckley Road","North Syracuse","NY",13212,15,1,1,0,1,1,-76.1592023,43.1233912,"110.22"
"Shanita Corpuz","953 James Street","Syracuse","NY",13203,15,1,0,1,0,1,-76.1368515,43.0589486,"16"
"Elyse Pett","23 Genesee Street","Camillus","NY",13031,16,0,0,0,1,1,-76.3074978,43.0386366,"122"
"Mathilda Russo","5801 Newport Road","Camillus","NY",13031,18,1,0,0,1,1,-76.3067651,43.0505302,"121"
"Raelene Cutrer","356 North Midler Avenue","Syracuse","NY",13206,16,0,0,1,1,1,-76.1054866,43.0759519,"10"
"Nikita Favreau","5125 Highbridge Street","Fayetteville","NY",13066,16,0,0,0,0,0,-76.0120948,43.0190178,"151"
"Clarisa Dibernardo","6315 Fly Road","East Syracuse","NY",13057,15,0,0,0,1,0,-76.059077,43.077989,"145"
"Karren Lettieri","2100 East Genesee Street","Syracuse","NY",13210,16,0,1,1,0,1,-76.1176849,43.0451725,"35"
"August Mcfarlin","4600 West Genesee Street","Syracuse","NY",13219,18,0,1,1,1,1,-76.2483738,43.0454377,"125"
"Waldo Zendejas","923 North McBride Street","Syracuse","NY",13208,17,1,1,0,0,1,-76.1499392,43.05987,"5.01"
"Shon Wilkin","259 East Onondaga Street","Syracuse","NY",13202,14,1,1,0,1,0,-76.1498321,43.0468174,"32"
"Jerald Burket","2105 West Genesee Street","Syracuse","NY",13219,18,0,1,0,1,1,-76.1973683,43.047543,"130"
"Christin Mebane","1654 West Onondaga Street","Syracuse","NY",13204,15,1,0,1,0,0,-76.1816745,43.0340868,"38"
"Terra Cleary","2507 James Street","Syracuse","NY",13206,18,1,0,1,0,1,-76.1115093,43.0686542,"10"
"Sophie Patridge","115 East Jefferson","Syracuse","NY",13202,14,1,1,0,1,1,-76.1516139,43.0471535,"32"
"Celesta Hilbert","601 Tully Street","Syracuse","NY",13204,14,0,0,0,0,1,-76.164466,43.04409,"30"
"Lashandra Valley","615 West Genesee Street","Syracuse","NY",13203,18,1,0,0,0,1,-76.1607224,43.0530891,"21.01"
"Scarlet Bellanger","517 East Washington Street","Syracuse","NY",13202,16,0,0,1,0,1,-76.1447287,43.0497247,"32"
"Jacalyn Halle","518 James Street","Syracuse","NY",13203,17,0,1,1,1,1,-76.1447569,43.0537849,"16"
"Micaela Bassham","116 Martin Luther King East","Syracuse","NY",13205,17,1,1,1,1,1,-76.1469863,43.032359,"53"
"Julio Lepak","3300 James Street","Syracuse","NY",13206,17,1,0,0,0,0,-76.1008011,43.0687435,"19"
"Elroy Bradham","200 Cortland Avenue","Syracuse","NY",13205,15,0,1,0,1,0,-76.1530626,43.0351755,"42"
"Antonette Alas","335 Valley Drive","Syracuse","NY",13207,17,1,0,0,1,1,-76.159028,43.015108,"57"
"Ted Nunez","3649 Erie Boulevard","Syracuse","NY",13214,14,0,0,1,0,0,-76.0644832,43.0406997,"146"
"Fritz Averette","2100 East Genesee Street","Syracuse","NY",13210,18,1,1,1,0,0,-76.1176849,43.0451725,"35"
"Elli Burnes","6724 Thompson Road","Syracuse","NY",13211,18,0,0,1,0,1,-76.095014,43.097294,"144"
"April Carbonaro","4645 Nixon Park Drive","Syracuse","NY",13215,15,0,0,0,0,0,-76.2034902,42.9957149,"163"
"Renate Gauer","6245 Randall Road","Syracuse","NY",13214,16,0,0,1,0,0,-76.089508,43.0319762,"147"
"Joel Canaday","5701 East Circle Drive","Cicero","NY",13039,14,0,0,1,0,0,-76.1200746,43.1501798,"105"
"Ann Jacox","1600 Teall Avenue","Syracuse","NY",13206,17,1,1,0,1,0,-76.122711,43.0702659,"9"
"Alline Garay","990 James Street","Syracuse","NY",13203,15,1,1,1,1,1,-76.1345347,43.0586946,"16"
"Chiquita Collington","8377 Brewerton Road","Cicero","NY",13039,18,1,0,0,1,1,-76.1202969,43.175979,"102"
"Lecia Ogata","620 Erie Boulevard West","Syracuse","NY",13204,16,1,1,0,1,1,-76.1645254,43.0494002,"21.01"
"Annie Jamal","233 East Washington Street","Syracuse","NY",13202,17,1,0,1,1,0,-76.1490658,43.0500059,"32"
"Parker Merida","201 East Washington Street","Syracuse","NY",13202,15,1,0,0,0,1,-76.1504247,43.0497894,"32"
"Domenic Mclelland","4383 Route 31","Clay","NY",13041,15,0,1,0,0,0,-76.2109929,43.1869627,"113"
"Mable Candanoza","1223 Salt Springs Road","Chittenango","NY",13037,16,1,0,0,1,0,-75.9133931,43.0413935,NA
"Haydee Gushiken","5794 Widewaters Parkway","Syracuse","NY",13214,14,0,1,1,0,0,-76.0593049,43.0503324,"146"
"Bulah Ament","7517 Morgan Road","Liverpool","NY",13090,17,1,1,1,1,0,-76.2062349,43.1343912,"111.02"
"Ranae Cappelli","753 James Street","Syracuse","NY",13203,15,1,0,1,1,1,-76.1414532,43.0562725,"16"
"Fredda Woodmansee","4465 East Genesee Street","Syracuse","NY",13214,15,1,1,1,1,0,-76.0660576,43.0354919,"146"
"Aleen Dugan","PO Box 6182","Syracuse","NY",13217,18,0,0,0,0,0,-76.1474244,43.0481221,"32"
"Apolonia Vandeusen","12-14 West Genesee Street","Baldwinsville","NY",13027,17,0,0,0,1,0,-76.33344,43.158852,"116"
"Josette Bradish","731 James Street, Suite 200","Syracuse","NY",13203,16,1,1,1,1,1,-76.1423698,43.0558868,"16"
"Chante Aquilino","4612 South Salina Street","Syracuse","NY",13205,14,1,1,1,0,0,-76.1432984,43.0023931,"61.01"
"Luisa Lona","195 Intrepid Lane","Syracuse","NY",13205,14,0,0,0,1,0,-76.1264296,43.0022974,"161"
"Christeen Nguyen","1065 James Street","Syracuse","NY",13203,17,1,1,0,1,1,-76.1320546,43.0604316,"16"
"Twila Holeman","5878 East Molloy Road","Mattydale","NY",13211,15,0,1,1,1,0,-76.1120288,43.0979029,"144"
"Elyse Pett","960 James Street","Syracuse","NY",13203,17,0,0,1,1,1,-76.135903,43.0579333,"16"
"Raelene Cutrer","PO Box 105","DeWitt","NY",13214,15,1,0,1,1,1,-76.067849,43.0426633,"146"
"Nikita Favreau","112 Dewitt Street","Syracuse","NY",13203,16,0,1,0,0,1,-76.1314291,43.0613339,"9"
"Clarisa Dibernardo","6834 East Genesee Street","Fayetteville","NY",13066,16,1,0,1,0,0,-76.0493561,43.0285765,"148"
"Karren Lettieri","216 West Manlius Street","East Syracuse","NY",13057,17,0,1,1,1,0,-76.0737981,43.0646348,"143"
"August Mcfarlin","526 Old Liverpool Road","Liverpool","NY",13088,14,0,0,1,0,0,-76.1890707,43.0895845,"137.01"
"Waldo Zendejas","2122 Erie Boulevard East","Syracuse","NY",13224,17,1,1,1,0,0,-76.1115887,43.0522271,"36.01"
"Shon Wilkin","6311 Court Street Road","East Syracuse","NY",13057,14,1,0,1,0,0,-76.0833531,43.0907258,"144"
"Jerald Burket","6311 Court Street Road","East Syracuse","NY",13057,16,0,1,0,0,1,-76.0833531,43.0907258,"144"
"Christin Mebane","Call for location","Liverpool","NY",13088,16,1,1,1,1,1,-76.2177046,43.106456,"133"
"Terra Cleary","6006 Drott Drive","East Syracuse","NY",13057,14,0,0,1,1,1,-76.0494159,43.060823,"146"
"Celesta Hilbert","100 South Salina Street","Syracuse","NY",13202,18,0,1,0,1,1,-76.152849,43.049957,"32"
"Lashandra Valley","1228 Teall Avenue","Syracuse","NY",13206,17,1,0,0,1,1,-76.1221694,43.0637912,"17.02"
"Stephany Sitton","315 South Crouse Avenue","Syracuse","NY",13210,16,1,1,1,0,1,-76.1361609,43.0478349,"34"
"Scarlet Bellanger","531 East Genesee Street","Fayetteville","NY",13066,15,1,1,1,0,1,-76.00151,43.030934,"150"
"Mariann Cheng","736 Irving Avenue","Syracuse","NY",13210,18,0,0,0,1,1,-76.1388167,43.0413349,"43.01"
"Jacalyn Halle","600 East Genesee Street","Syracuse","NY",13202,15,0,0,0,1,0,-76.1433394,43.0470987,"32"
"Micaela Bassham","916B Old Liverpool Road","Liverpool","NY",13088,17,0,1,1,0,0,-76.1979272,43.0992611,"136"
"Julio Lepak","8195 Cazenovia Road","Manlius","NY",13104,18,0,0,1,1,0,-75.9588882,42.9939623,"152.02"
"Elroy Bradham","4317 East Genesee Street","Syracuse","NY",13214,18,1,0,0,1,0,-76.0677505,43.0358177,"146"
"Antonette Alas","3855 Watervale Road","Manlius","NY",13104,18,1,0,0,0,1,-75.9868778,42.9571777,"157"
"Ted Nunez","2260 Oran Delphi Road","Delphi Falls","NY",13051,18,0,1,1,0,1,-75.913089,42.8808549,"157"
"Fritz Averette","428 South Main Street","North Syracuse","NY",13212,16,1,1,0,1,1,-76.1341144,43.1296275,"108"
"Elli Burnes","420 East Genesee Street","Syracuse","NY",13208,15,0,0,0,0,1,-76.1465318,43.0478885,"32"
"Renate Gauer","890 East Brighton Avenue","Syracuse","NY",13205,14,1,1,0,0,0,-76.132014,43.004835,"61.02"
"Joel Canaday","50 Caton Drive","Syracuse","NY",13214,16,1,1,0,1,0,-76.0864096,43.0524801,"146"
"Ann Jacox","1603 Court Street","Syracuse","NY",13208,16,0,1,1,0,0,-76.1461071,43.0793693,"3"
"Chiquita Collington","5900 North Burdick Street","East Syracuse","NY",13057,16,0,0,1,0,0,-76.0206362,43.0548596,"155"
"Lecia Ogata","50 Presidential Plaza","Syracuse","NY",13202,18,1,0,0,0,1,-76.1443064,43.0465613,"32"
"Annie Jamal","PO Box 5","Manlius","NY",13104,17,1,1,0,1,0,-75.9768632,43.0020107,"151"
"Parker Merida","24 Corporate Circle","East Syracuse","NY",13057,15,1,1,1,1,1,-76.083473,43.104417,"144"
"Domenic Mclelland","6440 New Venture Gear Drive","East Syracuse","NY",13057,14,1,0,0,1,1,-76.0743654,43.0901332,"145"
"Haydee Gushiken","204 North Center Street","East Syracuse","NY",13057,15,0,1,0,0,0,-76.0706067,43.0645302,"143"
"Bulah Ament","407 Fremont Road","East Syracuse","NY",13057,17,0,0,1,1,1,-76.0304296,43.0665156,"154"
"Ranae Cappelli","109 South Warren Street","Syracuse","NY",13202,17,0,1,0,1,1,-76.1502802,43.050176,"32"
"Fredda Woodmansee","4600 West Genesee Street","Syracuse","NY",13219,14,0,1,1,0,0,-76.2483738,43.0454377,"125"
"Aleen Dugan","129 Sun Harbor Drive","Liverpool","NY",13088,14,1,0,1,1,1,-76.223318,43.108904,"134"
"Apolonia Vandeusen","275 East Main Street","Elbridge","NY",13060,18,0,1,1,0,0,-76.4312608,43.0376607,"120"
"Josette Bradish","960 Salt Springs Road","Syracuse","NY",13224,15,1,0,1,0,0,-76.0984247,43.045967,"46"
"Chante Aquilino","643 Park Avenue","Syracuse","NY",13204,14,1,1,1,0,0,-76.170173,43.051674,"21.01"
"Luisa Lona","220 South Warren Street","Syracuse","NY",13202,18,0,0,0,1,0,-76.1511783,43.0489638,"32"
"Christeen Nguyen","6500 New Venture Gear Drive","East Syracuse","NY",13057,18,0,1,0,0,0,-76.0727373,43.0890876,"145"
"Shanita Corpuz","315 South Crouse Avenue","Syracuse","NY",13210,18,0,0,0,0,1,-76.1361609,43.0478349,"34"
"Twila Holeman","522 Liberty Street","Syracuse","NY",13204,15,1,0,0,0,1,-76.1733473,43.0579693,"1"
"Elyse Pett","1065 James Street","Syracuse","NY",13203,17,0,1,0,0,1,-76.1320546,43.0604316,"16"
"Mathilda Russo","333 Butternut Drive","Syracuse","NY",13214,18,0,0,1,0,1,-76.0593957,43.0401711,"146"
"Raelene Cutrer","1820 Lemoyne Avenue","Syracuse","NY",13208,17,1,0,0,1,1,-76.1450623,43.0864513,"142"
"Nikita Favreau","305 North Geddes Street","Syracuse","NY",13204,18,1,0,0,1,1,-76.1709627,43.0514089,"21.01"
"Clarisa Dibernardo","7825 Main Street","Fabius","NY",13063,18,1,1,1,0,1,-75.9850699,42.835611,"169.02"
"Karren Lettieri","1211 Mill Street","Fabius","NY",13063,16,1,0,0,1,1,-75.9857048,42.8289852,"169.02"
"August Mcfarlin","4611 West Genesee Street","Syracuse","NY",13219,14,1,1,1,0,0,-76.247731,43.044252,"126"
"Waldo Zendejas","3740 Midland Avenue","Syracuse","NY",13205,17,0,0,0,1,1,-76.1480433,43.0028261,"60"
"Shon Wilkin","6142 Route 31","Cicero","NY",13039,14,0,1,0,1,0,-76.0956171,43.1765261,"103.21"
"Jerald Burket","51 Carousel Lane","Baldwinsville","NY",13027,14,0,0,1,1,0,-76.336116,43.173773,"116"
"Christin Mebane","2207 Burnet Avenue","Syracuse","NY",13206,14,1,1,0,0,1,-76.1049031,43.0583616,"19"
"Terra Cleary","240 East Onondaga Street","Syracuse","NY",13202,17,0,0,0,0,0,-76.1496499,43.0460197,"32"
"Sophie Patridge","620 Erie Boulevard West","Syracuse","NY",13204,18,0,0,0,0,1,-76.1645254,43.0494002,"21.01"
"Celesta Hilbert","310 Herman Drive","Syracuse","NY",13212,17,1,0,1,0,1,-76.1438019,43.129477,"108"
"Lashandra Valley","425 East Genesee Street","Fayetteville","NY",13066,14,0,1,0,0,0,-76.005303,43.0302529,"150"
"Stephany Sitton","584 East Genesee Street","Fayetteville","NY",13066,17,0,0,0,1,0,-75.99534,43.0303449,"150"
"Scarlet Bellanger","7248 Highbridge Road","Fayetteville","NY",13066,14,0,1,1,0,1,-76.020522,43.0164199,"152.01"
"Mariann Cheng","8199 East Seneca Turnpike","Manlius","NY",13104,14,0,0,0,1,0,-75.9605832,43.007917,"152.02"
"Jacalyn Halle","10 River Street","Baldwinsville","NY",13027,14,0,0,1,0,1,-76.334013,43.157948,"116"
"Micaela Bassham","5010 Campuswood Drive","East Syracuse","NY",13057,14,0,1,1,0,1,-76.0769357,43.0911751,"145"
"Julio Lepak","6323 Fly Road","East Syracuse","NY",13057,14,0,1,1,1,0,-76.058766,43.0796372,"145"
"Elroy Bradham","30 Clinton Street","Jordan","NY",13080,18,1,0,1,1,0,-76.476122,43.065726,"120"
"Antonette Alas","PO Box 413","Fayetteville","NY",13066,15,1,1,0,0,0,-76.0043643,43.0297887,"150"
"Fritz Averette","24 Jordan Street","Skaneateles","NY",13152,17,0,0,0,1,1,-76.428925,42.946871,"166"
"Elli Burnes","122 East Seneca Street","Manlius","NY",13104,14,0,1,1,1,0,-75.9776172,43.0014664,"152.03"
"April Carbonaro","7066 Interstate Island Road","Syracuse","NY",13209,18,1,0,1,0,1,-76.275798,43.1106071,"118"
"Renate Gauer","108 Michaels Avenue","Syracuse","NY",13208,18,1,1,1,1,0,-76.1499688,43.0754351,"4"
"Joel Canaday","800 North Salina Street","Syracuse","NY",13208,15,1,1,1,1,0,-76.153914,43.061973,"5.01"
"Ann Jacox","351 South Warren Street","Syracuse","NY",13202,18,0,1,0,1,0,-76.1504688,43.0474001,"32"
"Alline Garay","182 Edgehill Road","Syracuse","NY",13224,15,1,0,1,0,1,-76.104381,43.043025,"46"
"Lecia Ogata","2105 West Genesee Street","Syracuse","NY",13219,16,0,1,1,1,1,-76.1973683,43.047543,"130"
"Annie Jamal","621 Skytop Road","Syracuse","NY",13244,18,0,1,0,1,1,-76.1154634,43.0126901,"161"
"Parker Merida","5885 East Circle Drive","Cicero","NY",13039,16,0,0,1,1,0,-76.1135412,43.1499175,"105"
"Domenic Mclelland","819 Madison Street","Syracuse","NY",13210,16,1,0,0,0,1,-76.1348443,43.0456475,"34"
"Mable Candanoza","11 Albert Palmer Lane","Baldwinsville","NY",13027,14,1,1,0,1,1,-76.3282701,43.1597047,"116"
"Haydee Gushiken","4600 West Genesee Street","Syracuse","NY",13219,18,0,1,1,1,1,-76.2483738,43.0454377,"125"
"Bulah Ament","1 Walsh Circle","Syracuse","NY",13208,17,0,1,1,0,1,-76.1690298,43.0767303,"1"
"Ranae Cappelli","309 South Main Street","Syracuse","NY",13212,18,1,1,0,1,1,-76.1311052,43.1322453,"108"
"Fredda Woodmansee","306 Highland Avenue","Syracuse","NY",13203,16,0,0,0,1,0,-76.1350944,43.0608757,"16"
"Aleen Dugan","4175 Old Winding Way","Syracuse","NY",13215,16,0,0,1,0,0,-76.224203,43.011104,"163"
"Apolonia Vandeusen","PO Box 772","Syracuse","NY",13201,14,1,1,0,0,1,-76.1474244,43.0481221,"32"
"Josette Bradish","2100 East Genesee Street","Syracuse","NY",13210,16,1,0,1,0,0,-76.1176849,43.0451725,"35"
"Luisa Lona","6606 Kinne Road","Syracuse","NY",13214,17,0,0,1,0,1,-76.0636985,43.0423079,"146"
"Christeen Nguyen","5008 Brittonfield Parkway","East Syracuse","NY",13057,16,0,0,0,0,0,-76.0546185,43.1027618,"145"
"Shanita Corpuz","4949 Velasko Road","Syracuse","NY",13215,14,1,0,0,0,0,-76.1866847,43.0106557,"163"
"Twila Holeman","215 Wyoming Street","Syracuse","NY",13204,16,0,0,0,0,1,-76.1597031,43.0468033,"30"
"Elyse Pett","113 Malden Road","Syracuse","NY",13211,14,1,1,0,1,1,-76.1439312,43.1046823,"139"
"Mathilda Russo","713 Harrison Street","Syracuse","NY",13210,15,0,0,0,1,0,-76.1419762,43.0443768,"43.02"
"Raelene Cutrer","4200 East Genesee Street","Syracuse","NY",13214,14,1,0,0,1,1,-76.0733684,43.0363307,"147"
"Nikita Favreau","130 Chapel Drive","Syracuse","NY",13219,16,0,0,0,1,0,-76.2416763,43.0459427,"126"
"Clarisa Dibernardo","1050 West Genesee Street","Syracuse","NY",13204,17,0,0,0,0,1,-76.172459,43.054443,"21.01"
"Karren Lettieri","990 James Street","Syracuse","NY",13202,14,1,1,0,1,1,-76.1345347,43.0586946,"16"
"August Mcfarlin","4500 Onondaga Boulevard","Syracuse","NY",13219,18,1,0,0,0,1,-76.2007651,43.0290364,"164"
"Waldo Zendejas","7965 Oswego Road","Liverpool","NY",13090,14,1,0,0,1,0,-76.2284555,43.1562792,"112.01"
"Shon Wilkin","1110 South State Street","Syracuse","NY",13202,14,1,0,0,1,1,-76.1477836,43.0386678,"42"
"Jerald Burket","990 7th North Street","Liverpool","NY",13088,18,1,0,1,1,1,-76.180006,43.0992773,"137.01"
"Christin Mebane","3384 Howlett Hill Road","Syracuse","NY",13215,14,1,0,1,0,0,-76.276991,43.015236,"160.02"
"Terra Cleary","4915 1/2  West Taft Road","Liverpool","NY",13088,18,1,0,1,0,0,-76.1751462,43.121328,"110.11"
"Sophie Patridge","831 James Street","Syracuse","NY",13203,18,1,1,0,1,1,-76.1396826,43.0570405,"16"
"Celesta Hilbert","405 Gifford Street","Syracuse","NY",13204,18,0,0,1,1,0,-76.1610045,43.0430524,"40"
"Lashandra Valley","310 Tulip Street","Liverpool","NY",13088,17,1,0,0,1,0,-76.2078621,43.1027737,"133"
"Stephany Sitton","620 Madison Street","Syracuse","NY",13210,15,0,0,0,0,0,-76.1396835,43.0455475,"43.02"
"Scarlet Bellanger","400 Salt Springs Street","Fayetteville","NY",13066,18,0,0,1,0,1,-75.9936278,43.025977,"151"
"Mariann Cheng","6221 Route 31","Cicero","NY",13039,15,1,1,0,0,1,-76.0901272,43.1777431,"103.21"
"Jacalyn Halle","1010 James Street","Syracuse","NY",13203,15,0,1,0,1,0,-76.1334533,43.0591953,"16"
"Micaela Bassham","222 Teall Avenue ","Syracuse","NY",13210,18,1,1,1,0,0,-76.1209153,43.0517125,"35"
"Julio Lepak","620 West Genesee Street","Syracuse","NY",13204,16,1,1,0,1,1,-76.1609358,43.0539554,"21.01"
"Elroy Bradham","PO Box 281","Jamesville","NY",13078,18,0,0,1,0,1,-76.0717698,42.9914763,"149"
"Antonette Alas","259 East Onondaga Street","Syracuse","NY",13202,15,1,0,0,0,0,-76.1498321,43.0468174,"32"
"Ted Nunez","2700 Bellevue Avenue","Syracuse","NY",13219,14,0,0,0,0,0,-76.2002154,43.0285504,"164"
"Fritz Averette","6661 East Seneca Turnpike","Jamesville","NY",13078,15,0,1,0,0,1,-76.062843,42.991116,"148"
"Elli Burnes","6845 Edinger Drive","Dewitt","NY",13214,16,0,0,0,1,0,-76.0455632,43.0197255,"148"
"April Carbonaro","6486 East Seneca Turnpike","Jamesville","NY",13078,18,1,1,0,1,0,-76.072158,42.991153,"149"
"Renate Gauer","4317 East Genesee Street","Syracuse","NY",13214,15,0,1,0,0,1,-76.0677505,43.0358177,"146"
"Joel Canaday","1101 Erie Boulevard East","Syracuse","NY",13210,17,0,1,1,0,0,-76.1337005,43.0509121,"34"
"Ann Jacox","106 Windham Drive","Syracuse","NY",13224,16,1,0,0,0,1,-76.094182,43.036191,"46"
"Alline Garay","4016 Henneberry Road","Manlius","NY",13104,18,1,0,0,0,0,-76.001772,42.9651319,"157"
"Chiquita Collington","6315 Fly Road","East Syracuse","NY",13057,16,0,1,1,1,1,-76.059077,43.077989,"145"
"Lecia Ogata","5016 West Genesee Street","Camillus","NY",13031,18,0,1,1,1,1,-76.260572,43.041881,"125"
"Annie Jamal","7000 East Genesee Street","Fayetteville","NY",13066,15,1,1,0,0,1,-76.0415569,43.0273993,"148"
"Parker Merida","5655 Thompson Road","Dewitt","NY",13214,14,1,1,1,1,0,-76.0730345,43.0448121,"146"
"Domenic Mclelland","528 Oak Street","Syracuse","NY",13203,16,0,1,0,1,0,-76.1352602,43.0605318,"16"
"Mable Candanoza","600 East Genesee Street","Syracuse","NY",13202,14,1,1,1,0,1,-76.1433394,43.0470987,"32"
"Haydee Gushiken","250 Harrison Street Suite 300","Syracuse","NY",13202,15,0,0,1,0,1,-76.149205,43.044185,"32"
"Bulah Ament","100 Intrepid Lane, Suite 1D","Syracuse","NY",13205,17,1,1,0,1,0,-76.1294252,43.0031514,"61.02"
"Ranae Cappelli","407 Tulip Street","Liverpool","NY",13088,16,0,0,0,1,0,-76.2082868,43.104011,"133"
"Fredda Woodmansee","1 North Hamilton Street","Jordan","NY",13080,17,1,0,0,0,0,-76.477512,43.06669,"120"
"Aleen Dugan","9 Chappell Street","Jordan","NY",13080,18,1,0,1,0,0,-76.470895,43.068895,"120"
"Apolonia Vandeusen","28 North Main Street","Elbridge","NY",13060,15,0,0,0,0,1,-76.4745222,43.0672575,"120"
"Josette Bradish","112 Dewitt Street","Syracuse","NY",13203,17,1,0,1,0,0,-76.1314291,43.0613339,"9"
"Chante Aquilino","1101 Burnet Avenue ","Syracuse","NY",13203,18,0,1,0,1,0,-76.124042,43.054322,"17.01"
"Luisa Lona","3049 East Genesee Street","Syracuse","NY",13244,14,1,0,1,0,0,-76.099025,43.0433031,"46"
"Christeen Nguyen","650 South Terry Road","Syracuse","NY",13219,18,1,0,1,0,0,-76.220127,43.03414,"131"
"Shanita Corpuz","7030 East Genesee Street","Fayetteville","NY",13066,16,0,0,0,0,1,-76.0388602,43.0265884,"148"
"Twila Holeman","1118 Court Street","Syracuse","NY",13208,16,1,0,0,1,1,-76.1511767,43.0752366,"4"
"Elyse Pett","201 Warren Street","Fayetteville","NY",13066,17,1,0,1,1,0,-76.008947,43.028323,"151"
"Mathilda Russo","5900 North Burdick Street","East Syracuse","NY",13057,16,1,1,1,0,1,-76.0206362,43.0548596,"155"
"Raelene Cutrer","7000 East Genesee Street","Fayetteville","NY",13066,17,0,0,1,1,1,-76.0415569,43.0273993,"148"
"Nikita Favreau","5900 North Burdick Street","East Syracuse","NY",13057,17,0,0,1,0,1,-76.0206362,43.0548596,"155"
"Clarisa Dibernardo","50 Presidential Plaza","Syracuse","NY",13202,17,0,0,0,0,0,-76.1443064,43.0465613,"32"
"Karren Lettieri","712 Hamilton Street","Syracuse","NY",13204,15,0,0,0,1,0,-76.193212,43.048284,"27"
"August Mcfarlin","475 Irving Avenue, #410","Syracuse","NY",13210,16,1,0,1,1,1,-76.1372677,43.0458122,"34"
"Waldo Zendejas","6225 Kirkville Road","Kirkville","NY",13082,18,1,1,0,1,1,-75.9513694,43.0717468,"156.01"
"Shon Wilkin","306 Second Street","Liverpool","NY",13088,15,1,1,1,1,1,-76.208699,43.103814,"133"
"Christin Mebane","5955 Route 20 West","LaFayette","NY",13084,14,1,0,0,0,1,-76.1794173,42.904145,"160.01"
"Terra Cleary","2444 Route 11","La Fayette","NY",13084,14,0,0,1,0,1,-76.1396494,42.9607039,"9400"
"Sophie Patridge","6136 Route 20","Lafayette","NY",13084,15,1,1,0,0,0,-76.1794173,42.904145,"160.01"
"Celesta Hilbert","PO Box 644","Skaneateles","NY",13152,14,0,0,0,1,0,-76.4291017,42.947011,"166"
"Lashandra Valley","1002 State Fair Boulevard","Syracuse","NY",13209,14,1,0,1,1,0,-76.247791,43.099962,"128"
"Stephany Sitton","529 Court Street","Syracuse","NY",13204,15,1,1,1,1,1,-76.1566863,43.0704676,"2"
"Scarlet Bellanger","27 Fennell Street","Skaneateles","NY",13152,15,1,1,1,1,0,-76.4323712,42.9472298,"166"
"Mariann Cheng","1419 Salt Springs Road","Syracuse","NY",13214,14,0,0,1,0,0,-76.0892477,43.0491594,"146"
"Jacalyn Halle","PO Box 11866","Syracuse","NY",13218,17,1,0,1,0,0,-76.1474244,43.0481221,"32"
"Micaela Bassham","212 East Manlius Street","East Syracuse","NY",13057,18,1,1,1,0,0,-76.0683316,43.0634472,"143"
"Julio Lepak","221 South Warren Street, 3rd Floor","Syracuse","NY",13202,15,1,1,0,1,0,-76.150268,43.049001,"32"
"Elroy Bradham","472 South Salina Street","Syracuse","NY",13202,17,1,0,0,0,1,-76.1526719,43.0451785,"32"
"Antonette Alas","10 Onondaga Street","Tully","NY",13159,18,1,0,1,1,0,-76.108009,42.794973,"169.01"
"Ted Nunez","1045 James Street","Syracuse","NY",13203,14,1,1,0,1,1,-76.1330444,43.0606832,"16"
"Fritz Averette","117 Highbridge Street","Fayetteville","NY",13066,16,0,1,0,1,0,-76.0142348,43.0285325,"151"
"Elli Burnes","8100 Oswego Road","Liverpool","NY",13090,14,0,1,1,0,1,-76.2345841,43.1637453,"112.31"
"April Carbonaro","100 New Street","Syracuse","NY",13202,16,0,0,0,1,0,-76.1492326,43.0402266,"42"
"Renate Gauer","195 Blackberry Road","Liverpool","NY",13090,14,0,1,1,1,1,-76.225065,43.141814,"111.01"
"Joel Canaday","1110 Oswego Street","Liverpool","NY",13088,16,1,1,1,0,0,-76.2111457,43.112187,"133"
"Ann Jacox","6101 Court Street Road","Syracuse","NY",13206,15,1,0,1,1,1,-76.0965862,43.0849834,"144"
"Alline Garay","600 East Genesee Street","Syracuse","NY",13202,16,1,1,1,1,0,-76.1433394,43.0470987,"32"
"Chiquita Collington","750 East Brighton Avenue","Syracuse","NY",13205,15,1,1,0,0,1,-76.1374563,43.0084655,"61.01"
"Lecia Ogata","2707 Court Street","Lyncourt","NY",13208,16,1,1,1,1,1,-76.131561,43.0844171,"142"
"Annie Jamal","2909 Court Street","Syracuse","NY",13208,18,0,0,0,1,0,-76.1292679,43.0835864,"142"
"Parker Merida","133 Cambridge Street","Syracuse","NY",13210,18,0,1,1,1,1,-76.117729,43.0445285,"35"
"Domenic Mclelland","664 Lamson Road","Baldwinsville","NY",13027,15,1,1,1,0,1,-76.4552866,43.2063671,"114.02"
"Mable Candanoza","530 Oak Street","Syracuse","NY",13203,18,0,0,1,0,0,-76.134969,43.0606269,"16"
"Haydee Gushiken","1406 Park Street","Syracuse","NY",13208,16,1,0,1,0,1,-76.1571432,43.0680985,"6"
"Bulah Ament","5005 Campuswood Drive","East Syracuse","NY",13057,16,0,1,0,1,0,-76.075027,43.092334,"145"
"Ranae Cappelli","731 James Street, Suite 315","Syracuse","NY",13203,15,1,0,0,1,0,-76.1423698,43.0558868,"16"
"Fredda Woodmansee","4 Stickley Drive","Manlius","NY",13104,14,1,1,1,0,1,-75.9868894,43.0010119,"152.01"
"Aleen Dugan","5300 Jamesville Road","Syracuse","NY",13214,17,1,1,1,0,1,-76.069273,43.02785,"147"
"Apolonia Vandeusen","3707 Lee Mulroy Road","Marcellus","NY",13108,14,0,1,0,0,1,-76.3453879,42.9541385,"165.02"
"Josette Bradish","2 Reed Parkway","Marcellus","NY",13108,15,1,0,1,0,1,-76.342278,42.987713,"165.02"
"Chante Aquilino","1 East Main Street","Marcellus","NY",13108,15,0,1,1,1,1,-76.339687,42.982984,"165.02"
"Luisa Lona","4242 Slate Hill Road","Marcellus","NY",13108,15,1,0,1,1,1,-76.332182,42.977527,"165.02"
"Christeen Nguyen","2207 Burnet Avenue","Syracuse","NY",13206,14,1,0,1,1,0,-76.1049031,43.0583616,"19"
"Shanita Corpuz","409 Standish Drive","Syracuse","NY",13224,15,1,0,0,1,1,-76.102053,43.032114,"147"
"Twila Holeman","181 Blackberry Road","Liverpool","NY",13090,15,1,1,1,1,1,-76.2267878,43.140786,"111.01"
"Elyse Pett","50 Presidential Plaza","Syracuse","NY",13202,17,0,1,0,0,1,-76.1443064,43.0465613,"32"
"Mathilda Russo","2849 South Salina Street","Syracuse","NY",13205,15,1,1,0,0,0,-76.1423596,43.0200248,"59"
"Raelene Cutrer","425 Beechwood Avenue","Liverpool","NY",13088,18,1,1,1,1,0,-76.185092,43.08788,"137.01"
"Nikita Favreau","173 East Molloy Road","Mattydale","NY",13211,14,1,1,0,1,1,-76.1421419,43.0982039,"139"
"Clarisa Dibernardo","224 Harrison Street","Syracuse","NY",13202,18,1,0,0,1,0,-76.1497882,43.044032,"32"
"Karren Lettieri","601 East Genesee Street","Syracuse","NY",13202,15,1,0,1,0,0,-76.1435565,43.0480626,"32"
"August Mcfarlin","76 Canton Street","Baldwinsville","NY",13027,17,0,1,0,0,0,-76.33532,43.1479893,"117"
"Waldo Zendejas","300 Burt Street","Syracuse","NY",13202,17,0,1,1,0,0,-76.1463601,43.0378103,"42"
"Shon Wilkin","375 West Onondaga Street #15","Syracuse","NY",13202,18,1,0,0,0,0,-76.155877,43.0410433,"40"
"Jerald Burket","PO Box 757","Brewerton","NY",13029,16,1,1,1,1,0,-76.1407575,43.2381242,"102"
"Christin Mebane","4101 East Genesee Street","Syracuse","NY",13214,17,0,0,0,0,0,-76.0758169,43.0385831,"46"
"Terra Cleary","224 Harrison Street","Syracuse","NY",13202,14,1,1,1,1,0,-76.1497882,43.044032,"32"
"Sophie Patridge","1636 James Street","Syracuse","NY",13203,15,1,1,0,0,0,-76.1241804,43.0637925,"17.01"
"Celesta Hilbert","2833 East Genesee Street","Syracuse","NY",13224,16,1,0,0,1,0,-76.105928,43.043264,"46"
"Lashandra Valley","2507 James Street","Syracuse","NY",13206,15,0,1,0,0,0,-76.1115093,43.0686542,"10"
"Stephany Sitton","528 Oak Street","Syracuse","NY",13203,18,1,1,0,0,1,-76.1352602,43.0605318,"16"
"Scarlet Bellanger","500 South Franklin Street","Syracuse","NY",13202,18,0,1,1,1,0,-76.1553788,43.0470413,"32"
"Mariann Cheng","238 North Main Street","Minoa","NY",13116,17,1,1,0,0,1,-76.0008019,43.0769067,"154"
"Jacalyn Halle","155 Waldorf Parkway","Syracuse","NY",13224,15,0,1,0,0,1,-76.108589,43.026044,"147"
"Julio Lepak","620 Erie Boulevard East","Syracuse","NY",13204,18,1,0,0,1,0,-76.1435143,43.0508448,"34"
"Elroy Bradham","111 Roberts Avenue","Syracuse","NY",13207,15,1,1,0,0,1,-76.1720716,43.032668,"50"
"Antonette Alas","1031 Bellevue Avenue","Syracuse","NY",13207,14,0,1,0,1,1,-76.1709589,43.0327458,"50"
"Ted Nunez","4149 Frost Street","Mottville","NY",13119,17,1,0,1,1,1,-76.44211,42.972226,"166"
"Fritz Averette","1640 South Avenue","Syracuse","NY",13207,18,1,0,1,1,0,-76.1594539,43.0208636,"51"
"Elli Burnes","7697 Morgan Road","Liverpool","NY",13090,15,1,1,1,0,1,-76.2075546,43.1429371,"111.01"
"April Carbonaro","6743 Kinne Street","East Syracuse","NY",13057,18,1,1,0,0,0,-76.080264,43.097475,"144"
"Renate Gauer","6315 Fly Road","East Syracuse","NY",13057,14,1,0,1,0,0,-76.059077,43.077989,"145"
"Joel Canaday","917 Avery Avenue","Syracuse","NY",13204,17,1,0,1,1,0,-76.1965398,43.0544818,"20"
"Ann Jacox","2507 James Street","Syracuse","NY",13206,17,0,0,0,1,1,-76.1115093,43.0686542,"10"
"Alline Garay","300 Erie Boulevard West","Syracuse","NY",13202,14,0,0,1,0,0,-76.157208,43.051581,"32"
"Chiquita Collington","731 James Street","Syracuse","NY",13203,17,1,0,0,1,1,-76.1423698,43.0558868,"16"
"Annie Jamal","4389 South Onondaga Road","Nedrow","NY",13120,18,1,1,0,1,0,-76.2110359,42.930972,"160.01"
"Parker Merida","6505 South Salina Street","Nedrow","NY",13120,15,0,1,1,1,1,-76.1411879,42.9772848,"162"
"Domenic Mclelland","7247 State Fair Boulevard","Syracuse","NY",13209,16,1,1,1,1,1,-76.286573,43.120667,"118"
"Mable Candanoza","3519 James Street","Syracuse","NY",13206,14,0,1,0,1,1,-76.0980604,43.0699712,"10"
"Haydee Gushiken","1034 Montgomery Street","Syracuse","NY",13205,15,1,0,1,0,0,-76.148876,43.036515,"42"
"Bulah Ament","400 Leavenworth Avenue","Syracuse","NY",13204,16,0,0,1,0,0,-76.1629354,43.0563975,"1"
"Ranae Cappelli","516 South Avenue","Syracuse","NY",13207,14,0,1,1,1,1,-76.1593845,43.0340809,"52"
"Fredda Woodmansee","731 James Street","Syracuse","NY",13203,14,1,0,1,1,0,-76.1423698,43.0558868,"16"
"Aleen Dugan","600 South State Street","Syracuse","NY",13202,15,0,1,1,0,1,-76.1481619,43.045943,"32"
"Apolonia Vandeusen","333 East Washington Street","Syracuse","NY",13202,16,0,0,0,0,0,-76.1481425,43.0499553,"32"
"Josette Bradish","615 Erie Boulevard West","Syracuse","NY",13204,15,0,1,1,1,1,-76.1647733,43.0483889,"30"
"Chante Aquilino","217 South Salina Street","Syracuse","NY",13202,15,1,0,0,1,1,-76.151811,43.0488979,"32"
"Christeen Nguyen","333 East Washington Street","Syracuse","NY",13202,18,1,0,0,1,1,-76.1481425,43.0499553,"32"
"Shanita Corpuz","333 East Washington Street","Syracuse","NY",13202,17,1,1,0,1,0,-76.1481425,43.0499553,"32"
"Twila Holeman","333 East Washington Street","Syracuse","NY",13202,15,1,1,0,1,1,-76.1481425,43.0499553,"32"
"Elyse Pett","333 East Washington Street","Syracuse","NY",13202,18,0,0,0,1,1,-76.1481425,43.0499553,"32"
"Mathilda Russo","100 South Salina Street","Syracuse","NY",13202,14,0,1,1,0,1,-76.152849,43.049957,"32"
"Raelene Cutrer","615 Erie Boulevard West","Syracuse","NY",13204,15,0,0,0,1,0,-76.1647733,43.0483889,"30"
"Nikita Favreau","333 East Washington Street","Syracuse","NY",13202,14,1,0,1,1,0,-76.1481425,43.0499553,"32"
"Clarisa Dibernardo","935 James Street","Syracuse","NY",13203,15,0,0,1,0,1,-76.1376127,43.0582471,"16"
"Karren Lettieri","305 Vine Street","Liverpool","NY",13088,16,1,0,0,0,1,-76.2071282,43.1021895,"133"
"August Mcfarlin","413 Church Street","North Syracuse","NY",13212,18,0,0,0,0,1,-76.117838,43.135443,"107"
"Waldo Zendejas","603 North Main Street","Syracuse","NY",13212,16,0,1,0,1,1,-76.1282981,43.1422682,"107"
"Shon Wilkin","501 James Street","Syracuse","NY",13203,14,0,0,0,1,0,-76.1456546,43.0537597,"23"
"Jerald Burket","5355 West Taft Road","North Syracuse","NY",13212,16,1,1,0,0,1,-76.1445578,43.1249087,"109"
"Christin Mebane","911 Church Street","Syracuse","NY",13212,14,1,0,0,1,1,-76.1134855,43.1281327,"106"
"Terra Cleary","109 Chestnut Street","Syracuse","NY",13212,16,0,1,0,1,0,-76.13105,43.1358666,"108"
"Sophie Patridge","4425 Buckley Road","Liverpool","NY",13090,16,0,0,0,1,0,-76.208495,43.1417,"111.01"
"Celesta Hilbert","1654 West Onondaga Street","Syracuse","NY",13204,18,0,1,1,1,0,-76.1816745,43.0340868,"38"
"Lashandra Valley","4466 South Onondaga Road","Nedrow","NY",13120,17,0,1,1,0,1,-76.205761,42.929638,"160.01"
"Stephany Sitton","4585 West Seneca Turnpike","Syracuse","NY",13215,14,1,0,0,0,1,-76.1978987,43.0043288,"163"
"Scarlet Bellanger","518 James Street, Suite 110","Syracuse","NY",13203,18,1,0,0,1,0,-76.1447569,43.0537849,"16"
"Mariann Cheng","431 East Fayette Street","Syracuse","NY",13202,16,1,1,1,0,0,-76.1467179,43.0490754,"32"
"Jacalyn Halle","421 Montgomery Street","Syracuse","NY",13202,15,0,1,0,0,1,-76.1483066,43.0457477,"32"
"Micaela Bassham","401 Montgomery Street","Syracuse","NY",13202,16,1,1,0,1,1,-76.1483626,43.0466421,"32"
"Julio Lepak","421 Montgomery Street","Syracuse","NY",13202,14,0,1,0,0,1,-76.1483066,43.0457477,"32"
"Elroy Bradham","421 Montgomery Street","Syracuse","NY",13202,16,0,0,0,0,1,-76.1483066,43.0457477,"32"
"Antonette Alas","505 South State Street","Syracuse","NY",13202,14,0,1,1,1,1,-76.1468224,43.0472275,"32"
"Ted Nunez","421 Montgomery Street","Syracuse","NY",13202,18,0,0,1,0,1,-76.1483066,43.0457477,"32"
"Fritz Averette","6660 East Seneca Turnpike","Jamesville","NY",13078,16,0,0,1,0,0,-76.064219,42.986644,"149"
"Elli Burnes","3911 Central Avenue","Syracuse","NY",13215,16,0,1,1,0,1,-76.1907527,43.0065355,"163"
"April Carbonaro","421 Montgomery Street,","Syracuse","NY",13202,15,1,1,0,1,0,-76.1483066,43.0457477,"32"
"Renate Gauer","530 Cedar Street","Syracuse","NY",13210,15,1,1,1,1,0,-76.1401719,43.0460392,"43.02"
"Joel Canaday","421 Montgomery Street","Syracuse","NY",13202,17,0,0,0,0,1,-76.1483066,43.0457477,"32"
"Ann Jacox","650 Hiawatha Boulevard West","Syracuse","NY",13204,16,1,1,0,1,0,-76.1765385,43.0634324,"1"
"Alline Garay","505 South State Sreet","Syracuse","NY",13202,16,0,0,1,1,1,-76.1468224,43.0472275,"32"
"Chiquita Collington","421 Montgomery Street","Syracuse","NY",13202,15,0,0,1,1,1,-76.1483066,43.0457477,"32"
"Lecia Ogata","421 Montgomery Street","Syracuse","NY",13202,14,0,0,0,0,0,-76.1483066,43.0457477,"32"
"Annie Jamal","329 North Salina Street","Syracuse","NY",13203,18,0,1,1,0,0,-76.1528066,43.0559367,"23"
"Parker Merida","600 South State Street","Syracuse","NY",13202,17,1,1,0,0,1,-76.1481619,43.045943,"32"
"Domenic Mclelland","106 Lake Drive","Liverpool","NY",13088,17,1,1,1,1,0,-76.2068187,43.0997486,"133"
"Haydee Gushiken","100 Elwood Davis Road","North Syracuse","NY",13212,16,1,1,0,0,1,-76.1732554,43.095358,"137.01"
"Bulah Ament","407 South State Street","Syracuse","NY",13202,14,0,0,0,1,0,-76.1471697,43.047796,"32"
"Ranae Cappelli","6680 Onondaga Lake Parkway","Liverpool","NY",13088,18,1,1,1,1,0,-76.1968176,43.093488,"137.01"
"Fredda Woodmansee","421 Montgomery Street","Syracuse","NY",13202,16,0,0,1,1,0,-76.1483066,43.0457477,"32"
"Aleen Dugan","200 Northern Concourse","Syracuse","NY",13212,14,1,0,0,1,0,-76.1550777,43.1087902,"138"
"Apolonia Vandeusen","4831 Velasko Road","Syracuse","NY",13215,17,0,0,0,1,1,-76.1853528,43.0053824,"163"
"Josette Bradish","3383 Route 11A","Nedrow","NY",13120,14,1,0,0,1,0,-76.1648183,42.9419143,"9400"
"Chante Aquilino","6820 Thompson Road","Syracuse","NY",13221,14,0,0,0,1,0,-76.0951931,43.101988,"144"
"Luisa Lona","407 Tulip Street","Liverpool","NY",13088,16,1,1,0,1,1,-76.2082868,43.104011,"133"
"Christeen Nguyen","7137 East Genesee Street","Fayetteville","NY",13066,17,0,1,0,1,0,-76.028984,43.028968,"150"
"Shanita Corpuz","1933 Route 80","Tully","NY",13159,18,0,0,0,0,0,-76.2184757,42.8635427,"168.02"
"Twila Holeman","203 Halcomb Street","Syracuse","NY",13209,16,0,1,1,1,1,-76.244145,43.088144,"128"
"Elyse Pett","2100 East Genesee Street","Syracuse","NY",13210,18,0,1,1,1,0,-76.1176849,43.0451725,"35"
"Mathilda Russo","421 Montgomery Street","North Syracuse","NY",13212,14,1,0,0,1,1,-76.1483066,43.0457477,"32"
"Raelene Cutrer","412 South Avery Avenue","Syracuse","NY",13219,14,1,1,1,1,0,-76.1904266,43.0412263,"132"
"Nikita Favreau","105 Rugby Road","Syracuse","NY",13206,16,0,0,0,0,0,-76.121557,43.066739,"9"
"Clarisa Dibernardo","2100 East Genesee Street","Syracuse","NY",13210,18,1,1,1,1,1,-76.1176849,43.0451725,"35"
"Karren Lettieri","530 Oak Street","Syracuse","NY",13203,15,1,1,0,1,1,-76.134969,43.0606269,"16"
"August Mcfarlin","9 Braniff Drive","Camillus","NY",13031,18,1,1,0,0,0,-76.2959206,43.0304388,"123"
"Waldo Zendejas","315 South Crouse Avenue","Syracuse","NY",13210,14,1,1,1,0,1,-76.1361609,43.0478349,"34"
"Shon Wilkin","2507 James Street","Syracuse","NY",13206,16,0,0,0,0,1,-76.1115093,43.0686542,"10"
"Jerald Burket","528 Oak Street","Syracuse","NY",13203,14,1,1,1,0,0,-76.1352602,43.0605318,"16"
"Christin Mebane","PO Box 6936","Syracuse","NY",13217,17,0,1,1,1,1,-76.1474244,43.0481221,"32"
"Terra Cleary","217 South Salina Street","Syracuse","NY",13202,17,1,1,0,0,0,-76.151811,43.0488979,"32"
"Sophie Patridge","Fayetteville Library","Fayetteville","NY",13066,15,1,1,0,0,1,-76.0069066,43.0255634,"151"
"Celesta Hilbert","7000 East Genesee Street","Fayetteville","NY",13066,17,0,0,0,0,0,-76.0415569,43.0273993,"148"
"Lashandra Valley","222 Orlando Avenue","Syracuse","NY",13205,17,0,0,0,1,1,-76.13893,43.00177,"61.01"
"Stephany Sitton","60 Oswego Street","Baldwinsville","NY",13027,15,0,1,0,1,1,-76.3327289,43.1596533,"116"
"Scarlet Bellanger","767 West Genesee Road","Plainville","NY",13137,15,0,1,0,0,0,-76.4493509,43.159762,"114.02"
"Mariann Cheng","1120 East Genesee Street","Syracuse","NY",13210,16,1,1,1,1,1,-76.1326103,43.0465443,"34"
"Jacalyn Halle","232 East Onondaga Street","Syracuse","NY",13202,14,0,1,0,1,0,-76.1500129,43.0457607,"32"
"Micaela Bassham","7407 Academy Street","Pompey","NY",13138,14,1,1,1,1,0,-76.013096,42.901112,"157"
"Elroy Bradham","906 Spencer Street","Syracuse","NY",13204,16,1,0,0,0,1,-76.173984,43.0576875,"1"
"Antonette Alas","317 East Jefferson Street","Syracuse","NY",13202,16,1,0,0,0,0,-76.1490604,43.0470227,"32"
"Ted Nunez","6333 Route 298","East Syracuse","NY",13057,15,0,1,1,1,0,-76.0814994,43.0879783,"144"
"Fritz Averette","6836 East Genesee Street","Fayetteville","NY",13066,18,1,1,1,1,1,-76.049183,43.028962,"148"
"Elli Burnes","1816 Erie Boulevard East","Syracuse","NY",13210,15,1,1,0,1,1,-76.1179972,43.0498178,"35"
"April Carbonaro","3300 James Street","Syracuse","NY",13206,17,1,1,0,1,1,-76.1008011,43.0687435,"19"
"Renate Gauer","3100 South Salina Street","Syracuse","NY",13205,15,1,1,0,0,0,-76.1420827,43.0177197,"59"
"Joel Canaday","1010 James Street","Syracuse","NY",13203,14,1,1,1,0,1,-76.1334533,43.0591953,"16"
"Ann Jacox","4576 Waterhouse Road","Clay","NY",13041,14,0,1,1,1,0,-76.195973,43.1636219,"112.32"
"Alline Garay","2507 James Street","Syracuse","NY",13206,18,1,1,0,0,0,-76.1115093,43.0686542,"10"
"Chiquita Collington","18 Bovington Lane","Fayetteville","NY",13066,15,1,0,1,1,0,-76.058428,43.016779,"148"
"Lecia Ogata","7000 East Genesee Street","Fayetteville","NY",13066,15,0,0,0,0,0,-76.0415569,43.0273993,"148"
"Annie Jamal","7565 Morgan Road","Liverpool","NY",13090,16,1,0,1,0,0,-76.206987,43.137041,"111.02"
"Parker Merida","5424 West Genesee Street","Camillus","NY",13031,18,0,1,0,0,1,-76.2792039,43.041227,"124"
"Domenic Mclelland","155 Gifford Street","Syracuse","NY",13202,17,1,1,1,0,1,-76.1556847,43.043295,"40"
"Mable Candanoza","7913 East Ridge Point Drive","Fayetteville","NY",13066,14,0,1,1,1,1,-75.978921,43.032987,"150"
"Haydee Gushiken","892 East Brighton Avenue","Syracuse","NY",13205,18,0,1,1,0,0,-76.1311385,43.0050548,"61.02"
"Bulah Ament","750 East Adams Street","Syracuse","NY",13210,15,1,1,0,0,0,-76.1398344,43.0418643,"43.01"
"Ranae Cappelli","750 James Street","Syracuse","NY",13203,15,1,0,0,1,1,-76.1409726,43.0555684,"16"
"Fredda Woodmansee","600 East Genesee Street","Syracuse","NY",13202,14,1,0,1,1,0,-76.1433394,43.0470987,"32"
"Apolonia Vandeusen","713 Harrison Street","Syracuse","NY",13210,16,0,1,1,0,1,-76.1419762,43.0443768,"43.02"
"Chante Aquilino","1940 Valley Drive","Syracuse","NY",13207,16,1,0,0,0,1,-76.1527674,42.9964254,"60"
"Luisa Lona","1100 East Genesee Street","Syracuse","NY",13210,14,1,1,1,0,0,-76.134028,43.046553,"34"
"Christeen Nguyen","450 Kimber Road","Syracuse","NY",13224,18,1,0,1,1,0,-76.0939896,43.0339394,"46"
"Shanita Corpuz","806 Cumberland Avenue","Syracuse","NY",13210,14,0,1,1,0,1,-76.11309,43.0302,"56.01"
"Twila Holeman","8229 Brewerton Road","Cicero","NY",13039,15,0,1,1,0,0,-76.1182918,43.1690247,"103.01"
"Elyse Pett","431 East Fayette Street","Syracuse","NY",13202,15,0,1,1,1,0,-76.1467179,43.0490754,"32"
"Mathilda Russo","318 Herkimer Street","Syracuse","NY",13204,18,0,0,1,0,1,-76.1922102,43.0532951,"20"
"Raelene Cutrer","103 Third Street","Solvay","NY",13209,14,1,1,0,0,1,-76.213809,43.0601698,"130"
"Nikita Favreau","1001 Tulip Street","Liverpool","NY",13088,14,0,0,0,1,0,-76.2064605,43.1101164,"133"
"Clarisa Dibernardo","5600 West Genesee Street","Camillus","NY",13031,18,1,1,1,0,0,-76.2897102,43.0406913,"124"
"Karren Lettieri","301 Prospect Avenue","Syracuse","NY",13203,15,1,0,0,0,0,-76.1498088,43.055666,"23"
"August Mcfarlin","432 Gifford Street","Syracuse","NY",13204,18,1,0,0,1,1,-76.162205,43.0435293,"30"
"Waldo Zendejas","203 Roxboro Road","Mattydale","NY",13211,15,1,0,0,1,1,-76.1479585,43.1001968,"140"
"Shon Wilkin","49 Syracuse Street","Baldwinsville","NY",13027,15,1,0,1,1,1,-76.3300084,43.1529455,"117"
"Jerald Burket","229 West Yates Street","East Syracuse","NY",13057,18,1,0,1,1,1,-76.0762419,43.066235,"143"
"Christin Mebane","228 Davis Street","Syracuse","NY",13204,15,0,1,1,1,1,-76.172126,43.039337,"39"
"Terra Cleary","409 South Main Street","North Syracuse","NY",13212,15,1,1,0,1,0,-76.1319323,43.1309718,"108"
"Sophie Patridge","411 South Main Street","North Syracuse","NY",13212,16,1,1,1,0,1,-76.13128,43.130539,"108"
"Celesta Hilbert","677 South Salina Street","Syracuse","NY",13202,17,1,1,0,0,0,-76.1502791,43.0408498,"42"
"Lashandra Valley","215 North State Street","Syracuse","NY",13203,16,0,0,1,0,1,-76.1493333,43.0528675,"23"
"Stephany Sitton","1108 Spring Street","Syracuse","NY",13208,15,1,1,1,1,0,-76.1553484,43.0709512,"6"
"Scarlet Bellanger","614 South Salina Street","Syracuse","NY",13202,16,1,1,1,1,1,-76.1517524,43.0423461,"42"
"Mariann Cheng","3457 Hayes Road","Baldwinsville","NY",13027,15,0,1,0,1,1,-76.2725449,43.125837,"115"
"Jacalyn Halle","4719 Frank Gay Road","Marcellus","NY",13108,18,0,0,0,1,0,-76.310681,43.000126,"165.02"
"Micaela Bassham","4200 Dave Tilden Road","Jamesville","NY",13078,18,0,0,1,1,1,-76.119666,42.974455,"161"
"Julio Lepak","PO Box 2314","Syracuse","NY",13220,18,1,0,0,0,1,-76.1474244,43.0481221,"32"
"Antonette Alas","2610 South Salina Street #16","Syracuse","NY",13205,15,0,0,1,1,0,-76.1440291,43.0220443,"54"
"Ted Nunez","509 West Fayette Street","Syracuse","NY",13204,18,0,1,0,1,1,-76.1613155,43.047665,"30"
"Fritz Averette","22 East Genesee Street","Baldwinsville","NY",13027,15,0,1,0,0,1,-76.3295662,43.1580574,"116"
"Elli Burnes","77 Fennell Street","Skaneateles","NY",13152,14,1,1,1,0,0,-76.4355149,42.9510553,"166"
"April Carbonaro","55 East Street","Skaneateles","NY",13152,14,1,0,0,0,0,-76.4233152,42.955108,"166"
"Renate Gauer","819 West Genesee Street Road","Skaneateles","NY",13152,17,0,0,1,1,1,-76.446726,42.945662,"166"
"Joel Canaday","77 West Genesee Street","Skaneateles","NY",13152,18,0,1,1,1,1,-76.4368222,42.9443769,"167"
"Ann Jacox","97 State Street","Skaneateles","NY",13152,16,1,1,1,1,1,-76.4284881,42.9552564,"166"
"Alline Garay","1010 Woods Road","Solvay","NY",13209,16,0,0,0,0,1,-76.2116659,43.061543,"129"
"Chiquita Collington","299 Bury Drive","Syracuse","NY",13209,15,0,1,0,0,1,-76.2489316,43.0942366,"128"
"Lecia Ogata","1925 Milton Avenue","Syracuse","NY",13209,15,1,1,1,1,1,-76.2086391,43.0615906,"129"
"Annie Jamal","8817 Cicero Center Road","Cicero","NY",13039,17,1,0,0,1,0,-76.0418537,43.1966974,"101"
"Parker Merida","3130 Cedarvale Road","Nedrow","NY",13120,15,0,0,0,1,0,-76.21425,42.931144,"160.01"
"Mable Candanoza","3143 Midland Avenue","Syracuse","NY",13205,16,1,1,1,0,1,-76.147195,43.009574,"61.01"
"Haydee Gushiken","2200 Onondaga Creek Boulevard","Syracuse","NY",13207,18,1,0,0,1,1,-76.1544679,43.0121848,"57"
"Bulah Ament","1327 West Colvin Street","Syracuse","NY",13205,14,1,0,0,1,1,-76.1601079,43.022868,"51"
"Ranae Cappelli","700 Oswego Street","Syracuse","NY",13204,15,0,0,0,0,1,-76.1641457,43.0411179,"40"
"Fredda Woodmansee","6520 Basile Rowe","East Syracuse","NY",13057,16,0,1,0,0,0,-76.058454,43.060192,"143"
"Aleen Dugan","6315 Fly Road","East Syracuse","NY",13057,17,1,0,1,1,1,-76.059077,43.077989,"145"
"Apolonia Vandeusen","219 South Center Street","East Syracuse","NY",13057,17,0,1,0,0,0,-76.0697144,43.0597269,"143"
"Josette Bradish","6101 East Molloy Road","East Syracuse","NY",13057,16,1,1,1,1,0,-76.0956278,43.09983,"144"
"Chante Aquilino","1 Forestry Drive","Syracuse","NY",13210,15,1,1,1,1,0,-76.1363546,43.034718,"43.02"
"Luisa Lona","100 New Street","Syracuse","NY",13202,16,0,0,0,0,0,-76.1492326,43.0402266,"42"
"Christeen Nguyen","505 Winkworth Parkway","Syracuse","NY",13215,16,1,0,0,1,0,-76.198898,43.024986,"48"
"Shanita Corpuz","6327 East Molloy Road","East Syracuse","NY",13057,14,0,0,0,1,0,-76.0830577,43.1003892,"144"
"Twila Holeman","750 East Adams Street","Syracuse","NY",13210,17,1,0,1,1,1,-76.1398344,43.0418643,"43.01"
"Raelene Cutrer","7000 East Genesee Street","Fayetteville","NY",13066,15,0,1,0,1,0,-76.0415569,43.0273993,"148"
"Nikita Favreau","421 Montgomery Street","Syracuse","NY",13202,15,1,0,1,0,1,-76.1483066,43.0457477,"32"
"Clarisa Dibernardo","1001 Park Avenue","Syracuse","NY",13204,14,0,0,1,0,1,-76.180247,43.05175,"21.01"
"Karren Lettieri","329 North Salina Street","Syracuse","NY",13203,17,1,0,1,1,0,-76.1528066,43.0559367,"23"
"August Mcfarlin","505 South State Street","Syracuse","NY",13202,15,1,0,1,0,0,-76.1468224,43.0472275,"32"
"Waldo Zendejas","412 Spencer Street","Syracuse","NY",13204,14,1,1,1,1,1,-76.1643832,43.0576264,"1"
"Shon Wilkin","511 South State Street","Syracuse","NY",13202,15,1,1,0,1,1,-76.1469716,43.0467622,"32"
"Jerald Burket","511 South State Street","Syracuse","NY",13202,15,0,1,0,0,0,-76.1469716,43.0467622,"32"
"Christin Mebane","725 Harrison Street","Syracuse","NY",13210,14,1,1,0,0,0,-76.1396909,43.0449343,"43.02"
"Terra Cleary","819 South Salina Street","Syracuse","NY",13202,14,0,0,1,0,1,-76.1500292,43.0399041,"42"
"Sophie Patridge","2010 West Genesee Street","Syracuse","NY",13219,17,1,1,1,0,1,-76.1968407,43.0486906,"130"
"Celesta Hilbert","308 Otisco Street","Syracuse","NY",13204,14,0,0,0,0,1,-76.1621661,43.0462713,"30"
"Lashandra Valley","5655 Thompson Road","Dewitt","NY",13214,15,1,0,0,0,1,-76.0730345,43.0448121,"146"
"Stephany Sitton","126 South Terry Road","Syracuse","NY",13219,14,1,0,0,1,1,-76.2209347,43.0446228,"131"
"Scarlet Bellanger","516 Burt Street","Syracuse","NY",13202,14,1,1,0,1,1,-76.142562,43.0380982,"42"
"Mariann Cheng","4101 East Genesee Street","Syracuse","NY",13214,16,0,1,0,0,1,-76.0758169,43.0385831,"46"
"Jacalyn Halle","401- 425 South Avenue","Syracuse","NY",13204,16,1,0,1,0,0,-76.1584764,43.0348305,"52"
"Micaela Bassham","716 Hawley Avenue","Syracuse","NY",13203,16,0,0,0,1,1,-76.1323479,43.054702,"24"
"Julio Lepak","2013 East Genesee Street","Syracuse","NY",13210,16,0,1,1,0,1,-76.1190523,43.0458944,"35"
"Elroy Bradham","319 East Water Street","Syracuse","NY",13202,18,1,1,0,0,1,-76.1481883,43.0506056,"32"
"Antonette Alas","124 Furman Street","Syracuse","NY",13205,17,0,0,1,0,0,-76.1490987,43.0316137,"53"
"Ted Nunez","1941 South Salina Street","Syracuse","NY",13205,14,1,0,0,0,1,-76.146386,43.0278688,"54"
"Fritz Averette","900 South Crouse Avenue","Syracuse","NY",13244,18,1,1,0,0,0,-76.1369752,43.0401763,"43.01"
"Elli Burnes","111 Waverly Avenue","Syracuse","NY",13244,14,0,1,0,0,1,-76.1361951,43.0410795,"43.02"
"Renate Gauer","950 Irving Avenue","Syracuse","NY",13244,17,1,0,1,0,0,-76.1387337,43.0362273,"43.01"
"Joel Canaday","601 East Genesee Street","Syracuse","NY",13202,18,0,1,1,1,1,-76.1435565,43.0480626,"32"
"Ann Jacox","804 University Avenue","Syracuse","NY",13244,15,0,0,1,1,1,-76.1347683,43.040941,"43.02"
"Alline Garay","800 Irving Avenue","Syracuse","NY",13210,14,0,1,0,0,0,-76.139188,43.0387259,"43.01"
"Chiquita Collington","109 Pine Street","Syracuse","NY",13210,18,1,0,0,0,1,-76.129134,43.0495375,"34"
"Lecia Ogata","6858 East Genesee Street","Fayetteville","NY",13066,18,1,0,1,0,1,-76.0480487,43.0291492,"148"
"Annie Jamal","4300 Onondaga Boulevard","Syracuse","NY",13219,16,1,0,1,1,1,-76.2174025,43.0266401,"164"
"Parker Merida","910 Madison Street","Syracuse","NY",13210,14,0,0,1,0,0,-76.1335569,43.0449501,"43.02"
"Domenic Mclelland","312 Elm Street","Fayetteville","NY",13066,17,1,1,1,0,1,-76.007446,43.030494,"150"
"Mable Candanoza","813 Fay Road","Syracuse","NY",13219,14,0,1,1,1,0,-76.2024866,43.0340723,"132"
"Bulah Ament","1654 West Onondaga Street","Syracuse","NY",13204,15,1,0,0,0,1,-76.1816745,43.0340868,"38"
"Ranae Cappelli","5205  Jamesville Road","Syracuse","NY",13214,15,0,1,1,0,1,-76.0734426,43.0235745,"147"
"Fredda Woodmansee","1443 East Genesee Street","Syracuse","NY",13210,16,1,0,1,0,0,-76.128381,43.047318,"34"
"Aleen Dugan","800 South State Street","Syracuse","NY",13202,17,1,1,0,0,1,-76.148209,43.043527,"32"
"Apolonia Vandeusen","600 East Genesee Street","Syracuse","NY",13202,18,1,1,0,1,0,-76.1433394,43.0470987,"32"
"Josette Bradish","2100 East Genesee Street","Syracuse","NY",13210,18,0,0,0,1,0,-76.1176849,43.0451725,"35"
"Chante Aquilino","638 Burnet Avenue","Syracuse","NY",13203,15,1,1,0,1,1,-76.1346289,43.0519014,"24"
"Luisa Lona","1654 West Onondaga Street","Syracuse","NY",13204,15,1,1,0,0,1,-76.1816745,43.0340868,"38"
"Christeen Nguyen","4600 West Genesee Street","Syracuse","NY",13219,14,1,1,0,0,1,-76.2483738,43.0454377,"125"
"Shanita Corpuz","8236 Brewerton Road","Cicero","NY",13039,15,0,1,0,0,0,-76.1152384,43.1692417,"103.01"
"Twila Holeman","4401 Route 31","Clay","NY",13041,15,1,0,0,1,0,-76.2108753,43.186931,"113"
"Elyse Pett","5400 Butternut Drive","East Syracuse","NY",13057,16,1,1,1,0,1,-76.049373,43.0466242,"146"
"Mathilda Russo","5 Route 31 Jordan","Jordan","NY",13080,14,0,1,1,1,1,-76.480723,43.0681317,"120"
"Raelene Cutrer","7786 Main Street","Fabius","NY",13063,18,0,0,1,1,0,-75.987902,42.834558,"169.02"
"Nikita Favreau","1000 Woods Road","Geddes","NY",13209,18,0,1,0,1,1,-76.2118239,43.060636,"129"
"Clarisa Dibernardo","2577 US Route 11","LaFayette","NY",13084,17,1,1,0,0,1,-76.1069585,42.8962971,"158"
"Karren Lettieri","8220 Loop Road","Baldwinsville","NY",13027,16,0,0,0,0,1,-76.3027747,43.168271,"114.01"
"August Mcfarlin","301 Brooklea Drive","Fayetteville","NY",13066,14,1,0,1,0,1,-76.0127964,43.0319834,"150"
"Waldo Zendejas","24 East Main Street","Marcellus","NY",13108,18,0,0,0,1,0,-76.3386529,42.981737,"165.02"
"Shon Wilkin","5020 Ball Road","Syracuse","NY",13215,16,0,1,0,0,0,-76.1957894,43.0156555,"164"
"Jerald Burket","1924 Barker Street","Tully","NY",13159,15,1,1,0,1,0,-76.200121,42.865699,"168.02"
"Christin Mebane","8354 Route 20","Manlius","NY",13104,16,0,0,1,0,1,-75.9492,42.922987,"157"
"Terra Cleary","201 School Road","Liverpool","NY",13088,17,1,0,0,1,1,-76.1838622,43.0872266,"137.01"
"Sophie Patridge","24 Jordan Street","Skaneateles","NY",13152,15,0,0,0,1,0,-76.428925,42.946871,"166"
"Celesta Hilbert","1984 State Route 174","Skaneateles","NY",13152,16,0,1,1,0,1,-76.3386497,42.8676307,"168.01"
"Lashandra Valley","5833 Meeting House Road","Tully","NY",13159,16,0,0,1,0,1,-76.11721,42.792514,"169.01"
"Stephany Sitton","7575 Van Buren Road","Van Buren","NY",13027,15,1,1,0,0,0,-76.3230857,43.1374109,"117"
"Scarlet Bellanger","2100 East Genesee Street","Syracuse","NY",13210,16,0,1,0,0,1,-76.1176849,43.0451725,"35"
"Mariann Cheng","112 Dewitt Street","Syracuse","NY",13203,15,0,0,0,0,0,-76.1314291,43.0613339,"9"
"Jacalyn Halle","740 Teall Avenue","Syracuse","NY",13206,15,1,1,0,1,1,-76.1214405,43.058031,"17.02"
"Micaela Bassham","Solvay Public Library","Syracuse","NY",13209,14,1,0,0,1,1,-76.207053,43.057596,"130"
"Julio Lepak","4398 Route 31","Clay","NY",13041,15,1,1,1,1,1,-76.210711,43.1846419,"112.32"
"Elroy Bradham","20 State Street","Tully","NY",13159,15,1,1,0,0,1,-76.11253,42.79573,"169.01"
"Antonette Alas","1 Railroad Street","Tully","NY",13159,18,0,1,1,1,0,-76.105731,42.798654,"169.01"
"Ted Nunez","5821 Route 80","Tully","NY",13159,14,0,1,1,0,0,-76.1170966,42.8019447,"169.01"
"Elli Burnes","215 Blackberry Road","Liverpool","NY",13090,16,1,0,0,0,0,-76.22141,43.14102,"111.01"
"April Carbonaro","342 South Salina Street","Syracuse","NY",13202,18,1,0,0,1,1,-76.1526728,43.0477031,"32"
"Renate Gauer","100 South Clinton Street","Syracuse","NY",13261,14,0,0,0,1,1,-76.1543204,43.0501042,"32"
"Joel Canaday","344 West Genesee Street","Syracuse","NY",13202,14,1,1,1,1,0,-76.1560138,43.0528129,"32"
"Ann Jacox","440 South Warren Street","Syracuse","NY",13202,16,1,0,0,0,0,-76.1516167,43.0461194,"32"
"Alline Garay","One Park Place","Syracuse","NY",13202,17,1,1,0,0,1,-76.149905,43.115583,"138"
"Chiquita Collington","100 South Clinton Street","Syracuse","NY",13261,17,1,1,0,0,0,-76.1543204,43.0501042,"32"
"Lecia Ogata","224 Harrison Street","Syracuse","NY",13202,18,1,0,0,0,0,-76.1497882,43.044032,"32"
"Annie Jamal","100 South Clinton Street","Syracuse","NY",13261,18,1,0,0,1,1,-76.1543204,43.0501042,"32"
"Parker Merida","518 James Street","Syracuse","NY",13203,15,0,0,0,0,1,-76.1447569,43.0537849,"16"
"Domenic Mclelland","512 Westcott Street","Syracuse","NY",13210,15,0,1,0,1,0,-76.1196263,43.0412552,"45"
"Mable Candanoza","700 University Avenue","Syracuse","NY",13244,16,1,1,1,0,0,-76.1347881,43.0424512,"43.02"
"Haydee Gushiken","1085 East Genesee Street","Syracuse","NY",13210,14,0,0,1,0,0,-76.1346927,43.0473486,"34"
"Bulah Ament","Baldwinsville Public Library","Baldwinsville","NY",13027,15,0,1,1,1,1,-76.3294233,43.159216,"116"
"Ranae Cappelli","407 Tulip Street","Liverpool","NY",13088,17,0,1,1,0,1,-76.2082868,43.104011,"133"
"Fredda Woodmansee","750 East Adams Street","Syracuse","NY",13210,16,0,1,1,1,0,-76.1398344,43.0418643,"43.01"
"Aleen Dugan","2929 Midland Avenue","Syracuse","NY",13205,14,1,0,1,0,1,-76.1477938,43.0117737,"60"
"Apolonia Vandeusen","5075 West Seneca Turnpike","Syracuse","NY",13215,15,0,0,1,1,1,-76.163461,43.007753,"163"
"Josette Bradish","6181 Thompson Road","Syracuse","NY",13206,16,0,1,1,0,1,-76.0907219,43.0703885,"144"
"Chante Aquilino","26 Corporate Circle","East Syracuse","NY",13057,18,0,0,1,1,0,-76.083681,43.105016,"144"
"Luisa Lona","16 West Genesee Street","Baldwinsville","NY",13027,17,1,0,1,0,1,-76.3335086,43.1588349,"116"
"Christeen Nguyen","204 North Center Street","East Syracuse","NY",13057,14,0,1,0,1,1,-76.0706067,43.0645302,"143"
"Shanita Corpuz","210 West Main Street","Elbridge","NY",13060,18,0,0,1,0,0,-76.452311,43.034572,"120"
"Twila Holeman","PO Box 102","Fabius","NY",13063,15,0,1,0,0,1,-75.9860322,42.835067,"169.02"
"Elyse Pett","425 East Genesee Street","Fayetteville","NY",13066,14,1,1,0,0,1,-76.005303,43.0302529,"150"
"Mathilda Russo","7 Mechanic Street ","Jordan","NY",13080,16,0,0,0,1,1,-76.472166,43.065681,"120"
"Raelene Cutrer","310 Sycamore Street","Liverpool","NY",13088,16,1,0,0,1,0,-76.2092033,43.1041891,"133"
"Nikita Favreau","One Arkie Albanese Avenue","Manlius","NY",13104,16,0,1,1,1,1,-75.9849471,43.0034937,"152.01"
"Clarisa Dibernardo","6 Slocombe Avenue","Marcellus","NY",13108,14,1,0,0,1,1,-76.3414799,42.9827001,"165.02"
"Karren Lettieri","240 North Main Street","Minoa","NY",13116,18,1,1,1,0,0,-76.0004277,43.0769513,"154"
"August Mcfarlin","600 South Bay Road","North Syracuse","NY",13212,17,0,1,1,0,0,-76.12851,43.1323088,"107"
"Waldo Zendejas","26 Fennell Street","Skaneateles","NY",13152,16,1,0,1,0,1,-76.431656,42.948233,"166"
"Shon Wilkin","1100 Woods Road","Solvay","NY",13209,16,1,1,0,1,0,-76.212519,43.060885,"129"
"Jerald Burket","5833 Meetinghouse Road","Tully","NY",13159,14,0,0,1,1,0,-76.11721,42.792514,"169.01"
"Christin Mebane","312 Lakeside Road","Syracuse","NY",13209,14,0,0,1,1,0,-76.255985,43.105256,"128"
"Terra Cleary","1201 East Fayette Street","Syracuse","NY",13210,18,1,0,0,1,1,-76.1310654,43.0490355,"34"
"Sophie Patridge","1050 West Genesee Street","Syracuse","NY",13204,17,0,0,1,1,1,-76.172459,43.054443,"21.01"
"Celesta Hilbert","221 South Warren Street, Suite 320","Syracuse","NY",13202,16,1,1,0,1,0,-76.150268,43.049001,"32"
"Lashandra Valley","6444 Newport Road","Warners","NY",13164,16,1,1,1,0,1,-76.328361,43.082987,"121"
"Stephany Sitton","404 Oak Street","Syracuse","NY",13203,18,1,0,0,0,1,-76.1333021,43.0584083,"16"
"Scarlet Bellanger","300 Sanderson Drive","Camillus","NY",13031,14,1,0,1,1,0,-76.270952,43.046499,"124"
"Mariann Cheng","826 Euclid Avenue","Syracuse","NY",13210,14,1,1,1,0,1,-76.119199,43.0365175,"45"
"Jacalyn Halle","202 Bennett Road","Camillus","NY",13031,16,1,1,0,1,0,-76.266851,43.061138,"127"
"Micaela Bassham","400 Walberta Road","Syracuse","NY",13219,16,0,0,0,1,1,-76.22386,43.041058,"131"
"Julio Lepak","1015 State Fair Boulevard","Syracuse","NY",13209,16,1,0,0,0,0,-76.2486757,43.1000892,"128"
"Elroy Bradham","191 Intrepid Lane","Syracuse","NY",13205,14,1,0,0,1,1,-76.1265306,43.0029759,"161"
"Antonette Alas","PO Box 5543","Syracuse","NY",13220,14,0,0,1,0,1,-76.1474244,43.0481221,"32"
"Ted Nunez","13 Fennell Street","Skaneateles","NY",13152,15,0,1,0,1,0,-76.4309771,42.9469106,"166"
"Fritz Averette","1414 Grant Boulevard","Syracuse","NY",13208,18,0,0,0,1,1,-76.1368955,43.0725626,"4"
"Elli Burnes","901 James Street","Syracuse","NY",13203,15,1,0,0,1,1,-76.1386279,43.0575228,"16"
"April Carbonaro","340 Montgomery Street","Syracuse","NY",13202,16,1,0,1,0,1,-76.1498357,43.0476027,"32"
"Renate Gauer","401 Douglas Street","Syracuse","NY",13203,17,0,1,0,1,1,-76.1387868,43.0607329,"15"
